Chapter Number,Textbook Excerpt,Solution Excerpt
1,CHAPTER 2...,Chapter 47...
2,CHAPTER 3...,...
3,CHAPTER 4...,...
4,CHAPTER 5...,...
5,CHAPTER 6...,...
6,CHAPTER 7...,...
7,CHAPTER 8...,...
8,CHAPTER 9...,...
9,CHAPTER 10...,...
10,CHAPTER 11...,...
11,CHAPTER 12...,...
12,CHAPTER 13...,...
13,CHAPTER 14...,...
14,CHAPTER 15...,...
15,CHAPTER 16...,...
16,CHAPTER 17...,...
17,CHAPTER 18...,...
18,CHAPTER 19...,...
19,CHAPTER 20...,...
20,CHAPTER 21...,...
21,CHAPTER 22...,...
22,CHAPTER 23...,...
23,CHAPTER 24...,...
24,CHAPTER 25...,...
25,CHAPTER 26...,...
26,CHAPTER 27...,...
27,CHAPTER 28...,...
28,CHAPTER 29...,...
29,CHAPTER 30...,...
30,CHAPTER 31...,...
31,CHAPTER 32...,...
32,CHAPTER 33...,...
33,CHAPTER 34...,...
34,CHAPTER 35...,...
35,CHAPTER 36...,...
36,CHAPTER 37...,...
37,CHAPTER 38...,...
38,CHAPTER 39...,...
39,CHAPTER 40...,...
40,CHAPTER 41...,...
41,CHAPTER 42...,...
42,CHAPTER 43...,...
43,CHAPTER 44...,...
44,CHAPTER 45...,...
45,CHAPTER 46...,...
46,CHAPTER 47...,...
59,CHAPTER 4...,...
95,CHAPTER 5...,...
127,CHAPTER 6...,...
155,CHAPTER 7...,...
179,CHAPTER 8...,...
205,CHAPTER 9...,...
227,CHAPTER 10...,...
253,CHAPTER 11...,...
279,CHAPTER 12...,...
297,CHAPTER 13...,...
329,CHAPTER 14...,...
345,CHAPTER 15...,...
369,CHAPTER 16...,...
395,CHAPTER 17...,...
417,CHAPTER 18...,...
443,CHAPTER 19...,...
467,CHAPTER 20...,...
485,CHAPTER 21...,...
505,CHAPTER 22...,...
535,CHAPTER 23...,...
573,CHAPTER 24...,...
609,CHAPTER 25...,...
641,CHAPTER 26...,...
669,CHAPTER 27...,...
699,CHAPTER 28...,...
723,CHAPTER 29...,...
779,CHAPTER 30...,...
829,CHAPTER 31...,...
871,CHAPTER 32...,...
889,CHAPTER 33...,...
921,CHAPTER 34...,...
947,CHAPTER 35...,...
977,CHAPTER 36...,...
1017,CHAPTER 37...,...
1049,CHAPTER 38...,...
1081,CHAPTER 39...,...
1123,CHAPTER 40...,...
1149,CHAPTER 41...,...
1173,CHAPTER 42...,...
1193,CHAPTER 43...,...
1225,CHAPTER 44...,...
1261,CHAPTER 45...,...
1295,CHAPTER 46...,...
1341,CHAPTER 47...,...
1371,CHAPTER 1...,...
