Chapter,Question,Answer
1,What is the smallest unit of biological structure that meets the functional requirements of living organisms?,The smallest unit of biological structure that meets the functional requirements of living organisms is the cell.
1,What is the characteristic that distinguishes living organisms from non-living matter?,"The characteristic that distinguishes living organisms from non-living matter is the ability to grow, reproduce, and respond to changes in their environment."
1,What is the hierarchical order of biological organization from most inclusive to least inclusive?,"The hierarchical order of biological organization from most inclusive to least inclusive is: biosphere, ecosystem, community, population, organism, tissue, organ, cell, molecule."
1,What are the two necessary characteristics for an organism to be considered alive?,The two necessary characteristics for an organism to be considered alive are: homeostasis and metabolism.
1,What is homeostasis?,Homeostasis is the ability of an organism to maintain a stable internal environment despite changes in the external environment.
1,What is metabolism?,Metabolism is the sum of all chemical reactions that occur within an organism to maintain life and support growth.
1,What are the three domains of life?,"The three domains of life are: Archaea, Bacteria, and Eukarya."
1,What is a phylogenetic tree?,A phylogenetic tree is a diagram that shows the evolutionary relationships among different organisms based on their shared derived characteristics.
2,What is the atomic number of xenon?,Xenon has an atomic number of 54.
2,How many neutrons does a typical atom have?,A typical atom has no neutrons.
2,What is the difference between saturated and unsaturated fatty acids?,"Saturated fatty acids have only single bonds between carbon atoms, while unsaturated fatty acids have one or more double bonds."
2,What is the function of buffers in maintaining pH levels in cells?,"Buffers help prevent drastic swings in pH by reacting with excess hydrogen ions (H+) to form a stable compound, thus maintaining a relatively constant pH."
2,Why is water essential for life?,Water stabilizes temperature and is essential for many biological processes.
2,What property of carbon makes it essential for organic compounds?,Carbon's ability to form bonds with as many as four other atoms or molecules makes it essential for organic compounds.
2,What is the difference between a base and an acid?,"Bases donate hydroxide ions (OH-), while acids donate hydrogen ions (H+)."
2,Why are hydrogen bonds necessary for cells?,"Hydrogen bonds stabilize the three-dimensional structure of proteins and nucleic acids, allowing them to perform their biological functions."
2,What is the function of a neutral atom or molecule in solution?,"A neutral atom or molecule in solution can act as a buffer, helping to maintain a relatively constant pH."
3,What are the four types of biological macromolecules?,"The four types of biological macromolecules are proteins, carbohydrates, nucleic acids, and lipids."
3,What is the generic structure of an amino acid?,"Amino acids have the generic structure R-C-C(=O)-N-R, where R represents different carbon-based side chains."
3,What is the role of the double helix structure of DNA?,The double helix structure of DNA supports its role in encoding the genome by providing a template for DNA replication and editing of both strands of DNA.
3,Why are biological macromolecules considered organic?,"Biological macromolecules are considered organic because they contain carbon and hydrogen, and lack oxygen and nitrogen, which are typical characteristics of inorganic compounds."
3,What is the difference between a ketose and an aldose?,"The difference between a ketose and an aldose is the presence or absence of an aldehyde group. Ketoses have a ketone functional group, while aldoses have an aldehyde functional group."
3,What is the function of chaperones in protein synthesis?,Chaperones are proteins that help other proteins fold into their correct shape and assist in protein transport across membranes.
3,How do fatty acids store chemical energy?,"Fatty acids store chemical energy by esterification with glycerol to form triglycerides, which can be hydrolyzed to release the energy when needed."
3,What is the difference between a nucleotide and a nucleic acid?,"A nucleotide is a molecule consisting of a sugar, a phosphate group, and a nitrogenous base. A nucleic acid is a polymer of nucleotides."
3,What are the four types of RNA and how do they function?,"The four types of RNA are messenger RNA, transfer RNA, ribosomal RNA, and small nuclear RNA. They function in protein synthesis, translation, and post-transcriptional modification."
3,Why are electrons important in dehydration synthesis?,Electrons play a crucial role in dehydration synthesis by facilitating the transfer of functional groups between molecules.
4,What is the cell theory?,"The cell theory states that all living organisms are composed of cells, which are the basic structural and functional units of life."
4,What is the extracellular matrix?,The extracellular matrix (ECM) is a network of macromolecules that provide structural and biochemical support to surrounding cells.
4,What are centrioles and flagella?,"Centrioles and flagella are both cilium-like structures, but they differ in their composition, function, and distribution within the cell."
4,How do antibiotics target bacterial cells?,Antibiotics target bacterial cells by disrupting the cell wall or interfering with essential cellular processes such as protein synthesis.
4,What is form follows function?,"Form follows function means that the shape and structure of a cell or organelle is determined by its function, and that the cell or organelle is shaped to optimize its performance."
4,How do plasma membranes form a bilayer?,"The formation of a bilayer is due to the amphiphilic nature of phospholipids, which have both hydrophilic and hydrophobic regions, causing them to self-assemble into a bilayer with hydrophilic heads facing outward."
4,What is plasmodesma?,"Plasmodesmas are membranous structures that connect the nuclei of adjacent plant cells, allowing for the exchange of genetic material between them."
4,How do cilia and flagella differ?,"Cilia and flagella differ in their structure and function. Cilia are shorter, thicker, and more numerous, while flagella are longer, thinner, and less abundant."
4,What is the extracellular matrix's role in cellular interactions?,"The ECM plays a critical role in mediating cell-cell and cell-matrix interactions, influencing cell behavior and organization."
4,How does the formation of an adult human follow the cell theory?,"The formation of an adult human follows the cell theory because it is a collection of cells that differentiate and organize into tissues, organs, and systems to create a functional whole."
5,What is the difference between facilitated diffusion and active transport?,"Facilitated diffusion is a passive process that requires no energy, while active transport is an energetic process that requires the cell to expend Energy."
5,What is receptor-mediated endocytosis?,Receptor-mediated endocytosis is a type of endocytosis in which extracellular substances bind to specific receptors on the surface of the cell before being internalized through Invagination of the membrane.
5,What is the purpose of the sodium-potassium pump?,The Sodium-potassium pump maintains the negative charge within the cell by pumping sodium out and potassium in.
5,What is tonicity?,"Tonicity refers to the balance of solutes and water movement across a selectively permeable membrane, with isotonic solutions having the same concentration of solutes as the cell, hypotonic solutions having a lower concentration, and hypertonic solutions having a higher concentration."
5,What are phagocytosis and pinocytosis?,"Phagocytosis is the engulfment of large particles by the cell membrane, while pinocytosis is the invagination of small vesicles from the cell membrane."
5,What is the role of aquaporins in a cell?,"Aquaporins are water channels that allow water to move across the cell membrane down its concentration gradient, allowing the cell to retain water and maintain proper tonicity."
5,What is the difference between receptor-mediated endocytosis and phagocytosis?,"Receptor-mediated endocytosis is a targeted process that only takes in specific substances, while phagocytosis engulfs all substances."
5,What is the purpose of the sodium-calcium exchanger (NCX)?,The sodium-calcium exchanger (NCX) is a secondary active transporter that maintains the proper concentration gradients of calcium and sodium ions across the cell membrane.
5,What are integral proteins?,"Integral proteins are proteins that span the entire thickness of the plasma membrane, with their hydrophobic tails facing inward and their hydrophilic heads facing outward."
5,What is the difference between facilitated diffusion and secondary active transport?,"Facilitated diffusion is a passive process that does not require energy, while secondary active transport requires the cell to expend Energy."
6,What is the difference between anabolic and catabolic processes?,"Anabolic processes involve the synthesis of complex molecules from simpler precursors, while catabolic processes involve the breakdown of complex molecules into simpler products."
6,What is the second law of thermodynamics?,"The second law of thermodynamics states that the total entropy of an isolated system will always increase over time, except in reversible processes."
6,What are enzymes?,"Enzymes are proteins that act as biological catalysts, speeding up chemical reactions without being consumed by the reaction."
6,What is the induced-fit model of enzyme-substrate binding?,"The induced-fit model posits that the enzyme and substrate interact in a dynamic manner, with the binding of the substrate causing a conformational change in the enzyme that increases its affinity for the substrate."
6,What is allostery?,"Allostery refers to the regulation of an enzyme's activity by an effector molecule that binds to a site other than the active site, causing a conformational change in the enzyme."
6,What is the EA for ATP hydrolysis?,"The EA for ATP hydrolysis is the energy required to break the bonds between the phosphate groups in ATP, which is approximately 30 kJ/mol."
6,What is the difference between a spontaneous reaction and one that occurs instantaneously?,"A spontaneous reaction is one that occurs naturally without any external influence, while an instantaneous reaction is one that occurs immediately and without any intervening period."
6,What is the transition state in a chemical reaction?,"The transition state is the short-lived, highly unstable intermediate state in which the reactants are converted into products, and is characterized by a high energy content and a low entropy."
6,What are vitamins?,"Vitamins are organic compounds that are essential nutrients for various biological functions, such as energy metabolism and immune function."
7,What is cellular respiration?,"Cellular respiration is the process by which cells convert glucose into energy, producing ATP and carbon dioxide as byproducts."
7,What is glycolysis?,"Glycolysis is the first stage of cellular respiration, in which glucose is converted into pyruvate through a series of enzyme-catalyzed reactions."
7,What is the citric acid cycle?,"The citric acid cycle is a series of chemical reactions that occur within the mitochondria of cells, resulting in the production of ATP, NADH, and FADH2."
7,What is the difference between aerobic and anaerobic respiration?,"Aerobic respiration occurs in the presence of oxygen and produces ATP, NADH, and FADH2, while anaerobic respiration occurs in the absence of oxygen and produces lactic acid or ethanol as byproducts."
7,What is fermentation?,"Fermentation is a metabolic process in which cells convert glucose into lactic acid, ethanol, or carbon dioxide without the use of oxygen."
7,What are the three main stages of cellular respiration?,"The three main stages of cellular respiration are glycolysis, the citric acid cycle, and oxidative phosphorylation."
7,What is the electron transport chain?,The electron transport chain is a series of protein complexes located in the mitochondria that generate ATP through the transfer of electrons from NADH and FADH2 to oxygen.
7,What is the difference between aerobic and anaerobic glycolysis?,"Aerobic glycolysis occurs in the presence of oxygen and produces pyruvate, while anaerobic glycolysis occurs in the absence of oxygen and produces lactic acid."
7,What is the role of ATP in cellular respiration?,ATP serves as an energy carrier that is produced through the process of cellular respiration and used to fuel other metabolic processes in the cell.
8,What is the role of light-dependent reactions in photosynthesis?,"Light-dependent reactions, also known as the light reactions, convert light energy into chemical energy and are essential for the production of ATP and NADPH."
8,What is the Calvin cycle?,The Calvin cycle is a series of biochemical reactions that occur in the stroma of chloroplasts and involve the fixation of carbon dioxide into organic compounds.
8,What is the purpose of the electron transport chain?,"The electron transport chain is a series of protein complexes that transfer electrons from one complex to another, generating ATP and NADPH in the process."
8,How does photosynthesis produce glucose?,"Photosynthesis produces glucose through a series of biochemical reactions that involve the fixation of carbon dioxide into organic compounds, such as 3-phosphoglycerate."
8,What is the difference between light-dependent and light-independent reactions?,"Light-dependent reactions are dependent on light energy and occur in the thylakoid membranes, while light-independent reactions do not require light energy and occur in the stroma."
8,How does photosynthesis affect the environment?,Photosynthesis is essential for the survival of nearly all living organisms and is responsible for the production of oxygen and organic compounds that support life on Earth.
8,What is the difference between C3 and C4 plants?,"C3 plants have a classical C3 photosynthetic pathway, while C4 plants have a different type of photosynthetic pathway that involves the formation of a carboxylic acid from OAA."
8,How does the structure of chloroplasts support photosynthesis?,"Chloroplasts have a highly organized structure that includes thylakoid membranes, stroma, and grana, which allow for efficient light absorption and energy transfer."
8,What is the role of RuBisCO in photosynthesis?,RuBisCO is an enzyme that catalyzes the fixation of carbon dioxide into organic compounds during the Calvin cycle.
8,How does the regeneration stage of the Calvin cycle work?,"The regeneration stage of the Calvin cycle involves the conversion of 3-phosphoglycerate to glyceraldehyde-3-phosphate, which is then used to regenerate RuBP."
9,What is intracellular signaling?,"Intracellular signaling occurs within the cell and involves the binding of extracellular signals to specific receptors on the surface of the cell, triggering a cascade of signaling events that ultimately lead to changes in gene expression or other cellular responses."
9,What is intercellular signaling?,"Intercellular signaling occurs between cells and involves direct contact between adjacent cells, allowing for the exchange of signaling molecules and coordinated cellular responses."
9,What is quorum sensing?,"Quorum sensing is a form of intercellular signaling that involves the release of signaling molecules by bacteria, allowing them to coordinate their behavior and regulate gene expression in response to changes in population density."
9,What are second messengers?,"Second messengers are small molecules that are produced intracellularly as a result of signaling events, and they play a key role in transmitting signals from the extracellular environment to the interior of the cell."
9,What is the difference between a receptor and an enzyme?,"A receptor is a protein on the surface of a cell that binds extracellular signals, while an enzyme is a protein that speeds up a chemical reaction."
9,What is paracrine signaling?,Paracrine signaling occurs within the same cell and involves the diffusion of signaling molecules through the extracellular space to reach their target proteins.
9,How does a kinase regulate signaling pathways?,"A kinase is an enzyme that phosphorylates other proteins, which can activate or inhibit their activity and trigger downstream signaling events."
9,What is the difference between a ligand and a receptor?,"A ligand is a small molecule that binds to a specific receptor on the surface of a cell, while a receptor is a protein that recognizes and binds a specific ligand."
9,What are the two main types of signaling pathways?,"The two main types of signaling pathways are intracellular signaling, which occurs within the cell, and intercellular signaling, which occurs between cells."
9,How does the extracellular matrix regulate cell growth?,The extracellular matrix provides structural support for cells and regulates their growth by modulating the availability of growth factors and other signaling molecules.
10,What is the difference between a human somatic cell and a human gamete?,"A human somatic cell is any cell in the body other than reproductive cells, while a human gamete is a sexually producing cell that fuses with another to Produce offspring."
10,What is the function of cohesin protein during mitosis?,"Cohesin protein holds sister chromatids together until anaphase II of meiosis or mitosis, when it is cleaved by separin proteases to allow the chromosomes to separate."
10,What is the role of p53 in cell cycle regulation?,p53 is a tumor suppressor protein that regulates the G1/S checkpoint and ensures damaged cells undergo apoptosis instead of dividing.
10,What are the three main cell-cycle checkpoints?,"The three main cell-cycle checkpoints are the G1/S, G2/M, and M phases."
10,What is the function of an anti-kinase drug in mitosis?,"Anti-kinase drugs target the kinases that are essential for the proper execution of mitosis, halting the cell cycle and preventing the cancer cell from dividing."
10,What is the difference between a eukaryotic and prokaryotic cell division?,"Eukaryotic cells undergo cytokinesis, where the cell divides by constricting the cytoplasm to form a cleavage furrow, while prokaryotes divide by binary fission, where the cell divides in half without a cleavage furrow."
10,What is the function of microtubules during mitosis?,"Microtubules play a crucial role in mitosis by providing the structural framework for chromosome alignment, movement of chromosomes during anaphase, and formation of the spindle apparatus."
10,What is the difference between a genome and a chromosome?,"A genome is the complete set of DNA contained within a cell or organism, while a chromosome is one of the thread-like structures composed of DNA and histone proteins found in the nucleus of eukaryotic cells."
10,What is the purpose of cytokinesis?,"Cytokinesis is essential for the proper separation of genetic material during cell division, ensuring each daughter cell receives a complete set of chromosomes."
11,What is the purpose of meiosis?,Meiosis is the process by which sexually reproducing organisms produce gametes (sperm or egg cells) that are genetically unique and contain half the genetic material of the parent cell.
11,What is the difference between a haploid and diploid?,"A haploid has one set of chromosomes, while a diploid has two sets of chromosomes, one from each parent. Haploids are typically smaller and more susceptible to environmental stressors, while diploids have more genetic diversity and better fitness."
11,What is crossing over during meiosis?,"Crossing over is the process by which homologous chromosomes exchange genetic material during meiosis, leading to increased genetic diversity in offspring."
11,Why is sexual reproduction beneficial for a population but detrimental to an individual offspring?,"Sexual reproduction increases genetic variability within a population, making it more adaptable to changing environments. However, for an individual offspring, the chance of inheriting harmful mutations is higher with sexual reproduction than with asexual reproduction."
11,How does the alternation of generations life cycle differ from the diploid-dominant life cycle?,"The alternation of generations life cycle has haploid and diploid stages, while the diploid-dominant life cycle has only diploid stages. The alternation of generations life cycle allows for more genetic diversity and adaptability to changing environments."
11,How do organisms with haploid-dominant life cycles ensure continued genetic diversification in offspring without using a meiotic process?,"Organisms with haploid-dominant life cycles use asexual reproduction methods such as binary fission or spores, which do not involve meiosis and therefore maintain genetic uniformity."
12,What is Mendelian inheritance?,Mendelian inheritance is the passing of inherited traits from parents to offspring according to specific rules.
12,What is the Law of Independent Assortment in genetics?,The Law of Independent Assortment states that the inheritance of one trait does not depend on the inheritance of another trait.
12,What is epistasis in genetics?,"Epistasis is the interaction of multiple genes to produce a trait or phenotype, often resulting in a non-additive effect."
12,What is the difference between homozygous and heterozygous in genetics?,"Homozygous refers to having two copies of the same gene, while heterozygous refers to having one copy each of two different genes."
12,What is a Punnett square and how is it used in genetics?,A Punnett square is a grid used to predict the possible outcomes of a cross between two parents based on their genotypes. It is used to determine the probability of different phenotypes in the offspring.
12,What is the difference between dominant and recessive in genetics?,"Dominant traits are those that are expressed when both copies of a gene are the same, while recessive traits are only expressed when both copies are different."
12,What is the purpose of a test cross in genetics?,"A test cross is used to determine whether a particular trait is dominant or recessive, by crossing a heterozygous parent with a homozygous recessive parent."
12,What is the difference between homozygous recessive and homozygous dominant in genetics?,"Homozygous recessive refers to having two copies of the same gene, while homozygous dominant refers to having two copies of the same gene, both of which are expressed."
12,What is the probability method in genetics?,The probability method is a way to determine the probability of different genotypes and phenotypes in an offspring based on the known genotype of the parents.
13,What is the Chromosomal Theory of Inheritance?,"The Chromosomal Theory of Inheritance posits that genetic information is passed from one generation to the next through the transfer of entire chromosomes, rather than individual genes."
13,What is the difference between homologous and nonhomologous recombination?,"Homologous recombination involves the exchange of genetic information between two identical or nearly identical DNA molecules, while nonhomologous recombination involves the exchange of genetic information between two DNA molecules that are not identical."
13,What is the role of X-inactivation in sex determination?,"In females, one X chromosome is inactivated to avoid a doubling of gene expression, while in males, both X chromosomes are active, resulting in the expression of female characteristics."
13,What is the difference between aneuploidy and polyploidy?,"Aneuploidy refers to having an abnormal number of chromosomes, while polyploidy refers to having multiple copies of a particular chromosome."
13,What is the significance of pericentric inversions?,Pericentric inversions can lead to changes in gene expression and potentially cause genetic disorders.
13,What is the difference between independent assortment and linkage?,"Independent assortment refers to the random sorting of alleles during gamete formation, while linkage refers to the tendency of genes to be inherited together due to their proximity on the same chromosome."
13,What is the role of synapsis in meiosis?,Synapsis is the stage of meiosis where homologous chromosomes pair and exchange genetic information through recombination.
13,What is the difference between a pericentric inversion and a interstitial deletion?,"A pericentric inversion involves the reversal of a segment of chromosomal DNA, while an interstitial deletion involves the loss of a segment of chromosomal DNA."
13,What is the significance of X-inactivation in non-human mammals?,"X-inactivation is not observed in non-human mammals, as they have only one X chromosome and no need for X-inactivation."
14,What is DNA replication?,DNA replication is the process by which a cell makes an exact copy of its DNA before cell division.
14,What is semi-conservative replication?,"Semi-conservative replication is a process in which each new DNA molecule consists of one old strand and one newly synthesized strand, with the old strands being conserved and the newly synthesized strands being non-conserved."
14,What is the difference between prokaryotic and eukaryotic DNA replication?,"Prokaryotes have a single circular chromosome, while eukaryotes have multiple linear chromosomes. Prokaryotic DNA replication is semi-conservative, while eukaryotic DNA replication is conservative."
14,What is the role of primers in DNA replication?,Primers are short RNA molecules that initiate DNA synthesis by providing a starting point for the DNA polymerase.
14,What would happen if you forgot to add a primer in a tube containing the reaction mix for a DNA sequencing reaction?,"If a primer is not added to a DNA sequencing reaction, the reaction will not proceed and no new DNA strands will be synthesized."
14,How do quinolone antibiotics treat bacterial infections?,"Quinolone antibiotics block the activity of topoisomerase, which is essential for bacterial DNA replication and repair. This treatment works by preventing the unwinding of the double helix during replication and repair."
14,How do linear chromosomes in eukaryotes ensure that their ends are replicated completely?,"Linear chromosomes in eukaryotes have telomeric repeats at their ends, which are protected by a shelterin complex. This ensures that the ends of the chromosomes are replicated completely during DNA replication."
14,What is the consequence of mutation of a mismatch repair enzyme?,A mutation in a mismatch repair enzyme can lead to the accumulation of mutations and potentially cancer.
15,What is the genetic code?,The genetic code is a set of rules used by cells to translate DNA into proteins.
15,What is transcription in prokaryotes?,Transcription in prokaryotes is the process by which RNA polymerase reads the DNA template and synthesizes a complementary RNA strand.
15,What is translation in prokaryotes?,"Translation in prokaryotes is the process by which the mRNA sequence is read by ribosomes, and the encoded amino acids are assembled into a polypeptide chain."
15,What is the role of initiation codons in translation?,"Initiation codons are the sequence of three nucleotides that serve as the starting point for protein synthesis, and are recognized by the ribosome to begin translation."
15,What is the difference between rho-dependent and rho-independent termination of transcription in prokaryotes?,"Rho-dependent termination occurs when the RNA polymerase is inhibited by the presence of rho protein, while rho-independent termination occurs when the RNA polymerase is not affected by the presence of rho protein."
15,What is the effect of degeneracy on the genetic code?,"Degeneracy of the genetic code makes cells more robust to mutations, as multiple codons can code for the same amino acid."
15,How do insertion mutations affect protein function?,"Insertion mutations can have dramatic effects on protein function by disrupting the normal reading frame or creating a new stop codon, leading to non-functional proteins."
15,What is the effect of nonsense mutations on spliceosome machinery?,"Nonsense mutations in the spliceosome machinery can lead to the inclusion of premature stop codons, resulting in the production of truncated proteins."
15,What is the difference between rhodependent and rho-independent termination of transcription in prokaryotes?,"Rhodependent termination occurs when the RNA polymerase requires the presence of the rho protein to terminate transcription, while rho-independent termination occurs when the RNA polymerase does not require the presence of rho protein."
16,What is gene expression?,Gene expression is the process by which the information in a cell's DNA is used to synthesize proteins and perform other functions within the cell.
16,What is epigenetic modification?,"Epigenetic modifications are changes to the chromatin structure of a cell that do not involve changes to the DNA sequence itself, but instead affect how the DNA is packaged and accessed by the cell."
16,What is transcriptional regulation?,"Transcriptional regulation refers to the mechanisms by which gene expression is controlled, including the binding of transcription factors to specific DNA sequences and the recruitment of RNA polymerase to initiate transcription."
16,What is post-transcriptional modification?,"Post-transcriptional modifications refer to changes made to RNA molecules after they have been transcribed, including splicing, editing, and degradation."
16,What is histone acetylation?,"Histone acetylation is a type of epigenetic modification in which the histone proteins that make up the chromatin structure are modified with an acetyl group, leading to increased accessibility of the associated DNA."
16,What is gene silencing?,"Gene silencing refers to the process by which gene expression is deliberately reduced or eliminated, often through the use of RNA interference or other epigenetic modifications."
16,How does DNA methylation affect gene expression?,"DNA methylation can affect gene expression by altering the recruitment of transcription factors and other proteins to specific DNA sequences, as well as by influencing the stability of RNA molecules."
16,What is a transcription factor?,A transcription factor is a protein that binds to specific DNA sequences and recruits RNA polymerase to initiate transcription.
16,How does chromatin structure affect gene expression?,Chromatin structure can affect gene expression by influencing the accessibility of the associated DNA to transcription factors and other proteins.
17,What is genomics?,"Genomics is the study of the structure, function, and evolution of genomes."
17,What is a genome?,A genome is the complete set of genetic information contained within an organism's DNA.
17,How is whole-genome sequencing different from traditional sequencing methods?,"Whole-genome sequencing differs from traditional sequencing methods in that it allows for the analysis of the entire genome, rather than just specific regions or genes."
17,What is a biomarker?,A biomarker is a molecule or characteristic that can be used to measure the presence or progress of a disease or condition.
17,How could genomics be used to predict disease risk and treatment options?,"Genomics could be used to predict disease risk and treatment options by analyzing genetic variations that may predispose individuals to certain diseases, and by identifying genes or gene pathways that are involved in the development or progression of a disease."
17,What is personalized medicine?,Personalized medicine is an approach to medical practice that takes into account individual variations in genetic makeup when selecting treatments.
17,How has proteomics been used in cancer detection and treatment?,"Proteomics has been used in cancer detection and treatment by analyzing the proteins present in cancer cells to identify potential biomarkers for early detection, and by identifying protein targets for cancer therapies."
17,What is metagenomics?,"Metagenomics is the study of the genetic material of a community of microorganisms, such as those found in the human gut or in the environment."
18,What is speciation?,"Speciation is the process by which new species arise through geographic isolation, genetic isolation, or other mechanisms that prevent gene flow between populations."
18,What is prezygotic speciation?,"Prezygotic speciation refers to the process by which two species in the early stages of divergence produce fertile offspring, but the offspring are less fit than the parents."
18,What is an examples of a prezygotic barrier?,An example of a prezygotic barrier is the inability of two species of turtles to breed at different times of the year.
18,What is autopolyploidy?,"Autopolyploidy is a condition in which a species has an extra set of chromosomes that is identical to one of its parents, resulting in a total of three or more sets of chromosomes."
18,What is allopolyploidy?,"Allopolyploidy is a condition in which a species has an extra set of chromosomes that is different from one of its parents, resulting in a total of three or more sets of chromosomes."
18,What is the main difference between autopolyploidy and allopolyploidy?,"The main difference between autopolyploidy and allopolyploidy is that in autopolyploidy, the extra set of chromosomes is identical to one of the parents, while in allopolyploidy, the extra set of chromosomes is different from one of the parents."
18,What is hybrid sterility?,"Hybrid sterility refers to the phenomenon in which hybrid offspring are less fit or unable to reproduce, leading to the persistence of reproductive isolation between species."
18,What is reinforcement?,Reinforcement refers to the continued divergence of species based on the low fitness of hybrid offspring.
18,What is punctuated equilibrium?,"Punctuated equilibrium is a theory proposing that evolution occurs in rapid bursts followed by long periods of stability, rather than constant gradual change."
19,What is evolution?,Evolution is the change in the inherited characteristics of a population of organisms over time.
19,What is natural selection?,"Natural selection is the process by which individuals with certain heritable traits are more likely to survive and reproduce, passing those traits on to their offspring."
19,What is genetic variation?,Genetic variation refers to the differences in the DNA sequences within a population of organisms.
19,What is the Hardy-Weinberg principle?,"The Hardy-Weinberg principle states that, in the absence of natural selection, the frequency of alleles in a population will remain constant from one generation to the next."
19,What is genetic drift?,"Genetic drift refers to the random change in the frequency of an allele in a population over time, due to chance events such as genetic recombination and mutation."
19,What is stabilizing selection?,"Stabilizing selection is the process by which individuals with extreme traits are less likely to survive and reproduce, leading to a more stable population."
19,What is directional selection?,"Directional selection is the process by which individuals with certain traits become more common in a population over time, due to their increased fitness."
19,What is diversifying selection?,"Diversifying selection is the process by which individuals with a variety of traits become more common in a population, leading to an increase in genetic variation."
19,What is assortative mating?,Assortative mating refers to the tendency for individuals to mate with others that are similar to themselves in certain traits or characteristics.
20,What is the taxonomic classification system?,The taxonomic classification system is a method of grouping organisms based on their shared characteristics and evolutionary relationships.
20,What is a phylogenetic tree?,"A phylogenetic tree is a diagram representing the evolutionary relationships among a group of organisms, with more closely related organisms grouped together."
20,What is homology?,"Homology refers to the shared ancestry and similarities among organisms, such as body structures or DNA sequences, that are derived from a common ancestor."
20,What is analogous trait?,"An analogous trait is a characteristic present in two or more species that have evolved independently of one another, but serve a similar function."
20,What is horizontal gene transfer?,"Horizontal gene transfer refers to the transfer of genetic material between organisms other than by vertical inheritance, such as through bacterial transformation or gene transfer agents."
20,What is maximum parsimony?,"Maximum parsimony is a method of phylogenetic analysis that favors the most parsimonious explanation for the evolutionary history of a group of organisms, based on the principles of minimal change and common ancestry."
20,What is the trunk of a phylogenetic tree?,The trunk of a phylogenetic tree represents the most ancient common ancestor of all the organisms being studied.
20,How do eukaryotic cells differ from prokaryotic cells?,"Eukaryotic cells have a true nucleus, membrane-bound organelles, and a more complex cell structure than prokaryotic cells, which lack these features."
20,How do analogous traits differ from homologous traits?,"Analogous traits are similarities among organisms that have evolved independently of one another, while homologous traits are similarities among organisms that share a common ancestor."
21,What are the two main types of viruses?,The two main types of viruses are DNA viruses and RNA viruses.
21,What is the genomic structure of a virus?,"Viruses have a protein coat (capsid) that surrounds the genetic material (genome), which can be single-stranded DNA, double-stranded DNA, or RNA."
21,What is lysis?,"Lysis is the bursting of a cell, often resulting in cell death."
21,What is the difference between a lytic cycle and a lysogenic cycle?,"A lytic cycle is a cycle of viral replication that results in cell lysis and the production of new virus particles. A lysogenic cycle is a cycle of viral replication that does not result in cell lysis, but rather the integration of the virus into the host cell's genome."
21,What are bacteriophages?,Bacteriophages are viruses that infect bacteria.
21,What is the difference between a prokaryotic and a eukaryotic cell?,"Prokaryotic cells lack a true nucleus and other membrane-bound organelles found in eukaryotic cells. Eukaryotic cells have a true nucleus, mitochondria, and other membrane-bound organelles."
21,What is the function of a capsid?,The capsid is the protein coat of a virus that surrounds the genetic material (genome).
21,What are viroids?,"Viroids are small, single-stranded RNA molecules that replicate and infect plants."
22,What are prokaryotes?,Prokaryotes are single-celled organisms that lack a true nucleus and other membrane-bound organelles.
22,What is the difference between bacteria and archaea?,"Both bacteria and archaea are prokaryotes, but they have different cell wall compositions and different types of lipids in their membranes."
22,What is the carbon cycle?,"The carbon cycle is the process by which carbon is exchanged between the atmosphere, oceans, and land surfaces."
22,How do extremophiles contribute to the carbon cycle?,"Extremophiles, such as those found in high-temperature environments like hydrothermal vents, play a crucial role in the carbon cycle by converting dissolved carbon into organic compounds that can be used by other organisms."
22,What is the difference between chemotrophs and phototrophs?,"Chemotrophs are prokaryotes that obtain their energy by oxidizing inorganic compounds, while phototrophs are organisms that obtain their energy from light."
22,What is the role of lactic acid-producing bacteria in food production?,"Lactic acid-producing bacteria, such as those found in yogurt and cheese, are used to ferment milk and create these food products."
22,What is the reason for the imprudent and excessive use of antibiotics being a major global problem?,"The overuse of antibiotics leads to the development of antibiotic-resistant bacteria, which can cause severe infections that are difficult to treat."
22,How would you detect the presence of a non-culturable prokaryote in an environmental sample?,"To detect the presence of a non-culturable prokaryote in an environmental sample, one could use molecular biology techniques such as PCR or DNA sequencing to identify specific genes or markers that are present in the organism."
22,"What is the statement that both types, bacteria and archaea, have the same basic structures, but built from different chemical components?","This statement refers to the fact that both bacteria and archaea have cell membranes and other structural components that are composed of lipids and proteins, but the specific types of lipids and proteins differ between the two groups."
23,What is the last eukaryotic common ancestor (LECA)?,The last eukaryotic common ancestor (LECA) is thought to have lived around 1.5 billion years ago and had features of both Archaea and Bacteria.
23,What is endosymbiosis?,"Endosymbiosis is the process by which one organism lives within the cells of another, often leading to the development of specialized organelles."
23,What are protists?,"Protists are a diverse group of eukaryotic microorganisms that cannot be classified as animals, plants, or fungi."
23,What is the difference between paramecia and the projected traits of the last eukaryotic common ancestor?,"Paramecia have a simpler flagellar pocket and lack an eyespot, features that the last eukaryotic common ancestor is thought to have had."
23,What is conjugation in protists?,"Conjugation in protists is the process of cell-to-cell transfer of genetic material, allowing for the exchange of genes between different species."
23,What is the role of mitochondria in eukaryotic cells?,Mitochondria are organelles found in eukaryotic cells that are responsible for generating energy for the cell through oxidative phosphorylation.
23,What is the difference between slime molds and parasitic protists?,"Slime molds are multicellular organisms that undergo a process of cell differentiation, while parasitic protists are single-celled and do not undergo such differentiation."
23,What is the importance of sexual reproduction in protists?,Sexual reproduction allows for genetic variation and increased adaptability to changing environments.
23,What is the difference between an obligate saprobe and a facultative saprobe?,"An obligate saprobe relies entirely on decomposition for nutrients, while a facultative saprobe can also photosynthesize."
24,What is the difference between asexual and sexual reproduction in fungi?,"Asexual reproduction in fungi involves the production of spores from a single parent, while sexual reproduction involves the fusion of gametes (male and female reproductive cells) to produce zygotes."
24,What is the function of chloroplasts in plant cells?,"Chloroplasts are organelles found in plant cells that contain the pigment chlorophyll a and are responsible for photosynthesis, the process of converting light energy into chemical energy."
24,What is the difference between Basidiomycota and Ascomycota?,"Basidiomycota and Ascomycota are both classes of fungi, but Basidiomycota produce their spores in a fruiting body, while Ascomycota produce their spores in an ascus."
24,What is the role of mycelium in the life cycle of a fungus?,"Mycelium is the vegetative part of a fungus, consisting of a mass of branching, thread-like hyphae. It plays a crucial role in nutrient acquisition and reproduction."
24,What is the Red Queen Hypothesis?,"The Red Queen Hypothesis proposes that the evolutionary arms race between hosts and their parasites or pathogens drives the rapid evolution of both parties, resulting in a constantly changing relationship."
24,Why can superficial mycoses in humans lead to bacterial infections?,"Superficial mycoses in humans can lead to bacterial infections because the fungus can create openings in the skin, providing a portal for bacteria to enter the body."
24,How would treating an area of a forest with a broad-spectrum fungicide alter the carbon and nitrogen cycles in the area?,Treating an area of a forest with a broad-spectrum fungicide could disrupt the carbon and nitrogen cycles by killing off not only fungal symbionts but also other microorganisms that play important roles in these cycles.
25,What are the three classes of bryophytes?,"The three classes of bryophytes are liverworts, mosses, and hornworts."
25,What is the main advantage of producing megaphylls for plants?,The main advantage of producing megaphylls for plants is that they can photosynthesize more efficiently and support larger bodies.
25,What is the difference between extant and extinct?,"Extant organisms are currently living, while extinct organisms are no longer alive and are fossilized remains."
25,How did the development of a vascular system contribute to the increase in size of plants?,"The development of a vascular system allowed plants to transport water, nutrients, and sugars throughout their bodies, allowing them to grow larger and more complex."
25,"What are two adaptations that are present in mosses but not hornworts or liverworts, which reflect steps of evolution toward land plants?",Two adaptations that are present in mosses but not hornworts or liverworts are the ability to survive in dry conditions and the presence of sporophytes.
25,What is parallel evolution?,Parallel evolution is the process by which separate lineages evolve similar traits or characteristics independently of one another.
25,Describe at least two challenges that cactuses had to overcome that cattails did not. ,Two challenges that cactuses had to overcome that cattails did not are the need for drought tolerance and the requirement for a vascular system.
25,What is the dominant organism in fern?,The dominant organism in fern is the sporophyte.
26,What are the four modern-day phyla of gymnosperms?,"The four modern-day phyla of gymnosperms are conifers, cycads, ginkgoes, and magnoliids."
26,What is biodiversity and why is it important to an ecosystem?,"Biodiversity refers to the variety of species within a given ecosystem. It is important because ecosystems with greater biodiversity are more resilient to changes and better able to provide essential services such as clean water, air, and food."
26,What role did the adaptations of seed and pollen play in the development and expansion of seed plants?,"The adaptations of seed and pollen allowed for the efficient dispersal of seeds, ensured proper fertilization, and facilitated the spread of plant species."
26,What is double fertilization?,"Double fertilization refers to the simultaneous fertilization of two gametes (pollen tube and ovule) during sexual reproduction in plants, resulting in both male and female gamete contribution to the zygote."
26,What is the primary function of the stigma in angiosperms?,"The primary function of the stigma in angiosperms is to collect pollen grains, which then germinate and grow down through the style to reach the ovary."
26,What are sporophytes?,"Sporophytes are the spore-bearing plants that produce spores, such as ferns and horsetails."
26,What is the Cretaceous Period known for in plant evolution?,"The Cretaceous Period was marked by the increase in number and variety of angiosperms, which eventually became the dominant form of plant life in most terrestrial ecosystems."
26,What is the difference between monocots and dicots?,"Monocots have fibrous roots, leaves with parallel veins, and flowers that lack petals. Dicots have taproots, net-veined leaves, and flowers with petals."
26,What is the role of nectar and pollen in plant reproduction?,"Nectar and pollen play a crucial role in attracting pollinators such as bees, butterflies, and hummingbirds to facilitate the transfer of pollen between plants."
26,What is the purpose of double fertilization?,"Double fertilization ensures proper fertilization of the ovule by two male gametes, which increases the chance of successful fertilization and offspring production."
27,What is the animal ancestor?,The common animal ancestor is thought to have been a single-celled organism that lived in the ocean approximately 600 million years ago.
27,What is the Cambrian explosion?,The Cambrian Explosion was an event approximately 542–488 million years ago when most major animal phyla suddenly appeared in the fossil record.
27,What are the three germ layers?,"The three primary germ layers in animals are ectoderm, endoderm, and mesoderm."
27,What is coelom formation?,Coelom formation is the process by which a fluid-filled cavity called a coelom develops between the germ layers of an animal embryo.
27,What are morphological and molecular data?,"Morphological data refers to physical characteristics of organisms, while molecular data refers to their genetic makeup."
27,How many mass extinction events have occurred throughout the evolutionary history of animals?,There have been at least five massive extinction events throughout the evolutionary history of animals.
27,What is embryological development?,Embryological development is the process by which an animal embryo grows and differentiates into its adult form.
27,What are specialized tissues?,"Specialized tissues are cells that have become adapted to a specific function or task, such as muscle tissue for movement or nerve tissue for sensation and communication."
27,Why might molecular data lead scientists to group animals into erroneous evolutionary relationships?,Molecular data can be misleading because it does not always accurately reflect the true evolutionary relationships between organisms due to horizontal gene transfer and other factors.
28,What is the main function of mesohyl in echinoderms?,"Mesohyl is the fluid-filled space between the outer layer of epidermis and the inner layer of dermis, serving as a shock absorber and helping to maintain water balance."
28,What is the characteristic body plan of chordates?,"Chordates have a notochord, a flexible, rod-like structure that runs along the length of the body and provides support and stability."
28,What is the function of nematocysts in cnidarians?,Nematocysts are specialized stinging cells used for capturing prey and defending against predators.
28,How do echinoderms move about?,"Echinoderms have a pentaradial body plan, with five equal arms radiating from the central body, allowing for slow and deliberate movement."
28,What is the function of the circulatory fluid in echinoderms?,"The circulatory fluid in echinoderms is primarily water, which helps to regulate body temperature and maintain proper salt balance."
28,How do arthropods undergo development and growth?,"Arthropods undergo segmented development, with each segment giving rise to a new body part, and they continue to grow by molting throughout their lives."
28,What is the function of the spinal cord in chordates?,"The spinal cord is a cord-like structure that runs along the back of chordates, providing nerve fibers that connect the brain to the rest of the body."
28,How do porifera and cubozoans differ in terms of fertilization?,"Porifera have external fertilization, where sperm are released into the water column and fertilize eggs outside of the body, while cubozoans have internal fertilization, with sperm entering the female's body through her mouth and fertilizing eggs within."
28,What is the function of the coccyx in chordates?,"The coccyx is a vestigial tail that remains in some chordates as an evolutionary remnant, serving no function."
29,What are the characteristic features of the chordates?,"The characteristic features of chordates include a notochord, a dorsal hollow nerve cord, and gill slits."
29,What is the structural advantage of the notochord in the human embryo?,"The notochord provides a flexible, rod-like structure that allows for greater mobility and flexibility during development."
29,What can be inferred about the evolution of the cranium and vertebral column from examining hagfishes and lampreys?,"Examining hagfishes and lampreys suggests that gnathostomes replaced most agnathans, indicating a shift towards more complex skulls and vertebral columns."
29,Describe the differences between the larval and adult stages of frogs.,"The larval stage of frogs is characterized by gills, a tail fin, and a more aquatic lifestyle, while the adult stage is characterized by lungs, the loss of the tail fin, and a more terrestrial lifestyle."
29,Describe three skeletal adaptations that allow for flight in birds.,"Three skeletal adaptations that allow for flight in birds are the wishbone-shaped furcula, the keeled breastbone, and the highly specialized hand bones."
29,Describe three unique features of the mammalian skeletal system.,"Three unique features of the mammalian skeletal system are the diaphragm, the patella, and the hyoid bone."
29,Describe three characteristics of the mammalian brain that differ from other vertebrates.,"Three characteristics of the mammalian brain that differ from other vertebrates are the neocortex, the hippocampus, and the larger cerebral cortex."
29,What is metamorphosis?,"Metamorphosis is the biological process by which animals undergo a transformation from a juvenile to an adult stage, typically involving a change in body structure and physiology."
29,What is the structural advantage of the notochord in the human embryo?,"The notochord provides a flexible, rod-like structure that allows for greater mobility and flexibility during development."
30,What is the function of the cork cambium in woody plants?,"The cork cambium is responsible for producing new bark, phloem, and xylem tissues in woody plants."
30,How do guard cells regulate stomatal aperture?,"Guard cells regulate stomatal aperture by controlling the opening and closing of stomata based on changes in the surrounding environment, such as light and CO2 levels."
30,What is the difference between xylem and phloem?,"Xylem transports water and minerals from the roots to the rest of the plant, while phloem transports sugars and other organic compounds produced by photosynthesis from the leaves to the rest of the plant."
30,What is gravitropism?,"Gravitropism is the growth response of plants towards gravity, where roots grow downwards and shoots grow upwards."
30,What is the role of abscisic acid in plant growth and development?,"Abscisic acid is a plant hormone that regulates seed germination, stomatal movement, and plant water relations, among other processes."
30,How do plants respond to touch or vibration?,"Plants respond to touch or vibration through thigmonasty, where the plant bends or grows in response to mechanical stimulation."
30,What is the difference between monocots and dicots in terms of leaf arrangement?,"Monocots have parallel-veined leaves with no petiole attachment, while dicots have net-veined leaves with a petiole attachment."
30,How do plants adapt to low light conditions?,"Plants adapt to low light conditions through the production of larger leaves, the development of longer internodes, and increased root growth to access water and nutrients."
31,What are the essential nutrients for plants?,"The essential nutrients for plants include nitrogen, phosphorus, potassium, magnesium, calcium, and sulfur."
31,What is mycorrhizae?,Mycorrhizae are symbiotic associations between plant roots and fungi that help the plant absorb water and nutrients from the soil.
31,What is biological nitrogen fixation?,Biological nitrogen fixation is the process by which certain bacteria convert atmospheric nitrogen into a form that can be used by plants.
31,What are macronutrients?,"Macronutrients are nutrients that plants require in large amounts, including nitrogen, phosphorus, potassium, and calcium."
31,What are micronutrients?,"Micronutrients are nutrients that plants require in small amounts, including boron, copper, iron, manganese, molybdenum, and zinc."
31,What is the main water source for land plants?,The main water source for land plants is soil water.
31,What factors affect soil quality?,"Soil quality can be affected by a variety of factors, including chemical composition, history of the soil, presence of living organisms, topography, and human activity."
31,What is the difference between a mineral soil and an organic soil?,"A mineral soil consists primarily of inorganic materials, while an organic soil contains significant amounts of plant residues and other organic matter."
31,Why is biological nitrogen fixation an environmentally friendly way of fertilizing plants?,"Biological nitrogen fixation is environmentally friendly because it does not require the use of synthetic fertilizers, which can contribute to pollution and climate change."
31,"What is the main difference, from an energy point of view, between photosynthesis and biological nitrogen fixation?","The main difference is that photosynthesis produces organic compounds using light energy, while biological nitrogen fixation requires the input of bacterial metabolic energy."
32,What is the difference between a complete flower and an incomplete flower?,"A complete flower has all four main parts, or whorls, while an incomplete flower lacks one or more of these parts."
32,What is the purpose of double fertilization in plants?,"Double fertilization is a process in which two sperm cells fertilize the egg cell, resulting in diploid zygote that can grow into a healthy seed."
32,What are the four main parts of a flower?,"The four main parts of a flower are the calyx, corolla, androium, and gynoecium."
32,What is the difference between monoecious and dioecious plants?,"Monoecious plants have both male and female reproductive organs in the same flower, while dioecious plants have separate male and female flowers."
32,What is the purpose of endosperm in plant reproduction?,Endosperm is a nutrient-rich tissue that provides nourishment for the developing embryo during seed germination.
32,What are some ways in which fruit seeds are dispersed?,"Fruit seeds can be dispersed by wind, water, animals, or human activity through processes such as endozoochory, epizoochory, and anthropogenic distribution."
32,What is the advantage of asexual reproduction in plants?,"Asexual reproduction allows plants to reproduce without the risks associated with outcrossing, such as inbreeding depression and reduced fitness."
32,What are some examples of plants that undergo a period of dormancy?,"Some examples of plants that undergo a period of dormancy include bulbs, tubers, corms, and rhizomes."
32,What is the difference between a monocarpic and a polycarpic plant?,"A monocarpic plant produces only one flower and fruit per year, while a polycarpic plant produces multiple flowers and fruits throughout the year."
33,What is the difference between endotherms and ectotherms?,"Endotherms are animals that maintain a constant body temperature, whereas ectotherms are animals that regulate their body temperature based on environmental conditions."
33,What is the role of sweating in thermoregulation?,"Sweating allows endotherms to release heat by evaporative cooling, which helps maintain a constant body temperature."
33,How do ectotherms regulate their body temperature?,"Ectotherms regulate their body temperature by behavioral adaptations such as seeking shade or moving to cooler areas, and physiological adaptations such as changing blood vessel dilation to conserve water."
33,What is the purpose of a fever during an infection?,A fever is an elevated body temperature that helps to fight off invading pathogens by creating a hostile environment for their survival and growth.
33,How do animals acclimate to changes in their environment?,"Acclimatization allows animals to compensate for changes in their environment by adjusting physiological processes, such as heart rate and metabolic rate, to maintain a stable body temperature."
33,What is the difference between loose connective tissue and dense connective tissue?,"Loose connective tissue has more space between cells, allowing for more mobility and flexibility, while dense connective tissue provides support and stability."
33,How do smooth muscles differ from skeletal muscles?,"Smooth muscles are involuntary and found in the walls of hollow organs, such as blood vessels and the digestive tract, while skeletal muscles are voluntary and attached to bones."
33,What is the role of the urinary bladder in thermoregulation?,The urinary bladder helps to regulate body temperature by storing heat during the day and releasing it at night.
33,How do animals maintain homeostasis?,Animals maintain homeostasis through negative feedback loops that help to maintain a stable internal environment despite changes in the external environment.
33,What is the difference between a open circulatory system and a closed circulatory system?,"An open circulatory system allows for the exchange of gases and waste products between the blood and the environment, while a closed circulatory system maintains a separate space for the exchange of gases and waste products."
34,What is the purpose of the gallbladder?,"The primary function of the gallbladder is to store and concentrate bile, a digestive fluid produced by the liver."
34,What is the role of the accessory organs in digestion?,"The accessory organs (lingual tonsils, submandibular glands, and Peyer's patches) produce digestive enzymes that help break down food into smaller molecules."
34,What is the function of hormones in regulating digestion?,"Hormones such as gastrin, CCK, and somatostatin regulate digestion by stimulating or inhibiting the release of digestive enzymes from glands."
34,What is the difference between mechanical and chemical digestion?,"Mechanical digestion involves physical breakdown of food particles, while chemical digestion involves the use of enzymes to break down large molecules into smaller components."
34,What is the critical role of villi and microvilli in absorption?,Villi and microvilli increase the surface area for absorption by creating a dense network of tiny projections that allow for efficient nutrient uptake.
34,What is the difference between the gastric phase and the intestinal phase of digestion?,"The gastric phase involves mechanical breakdown of food in the stomach, while the intestinal phase involves chemical breakdown of smaller molecules in the small intestine."
34,What are essential nutrients?,"Essential nutrients are those that cannot be produced by the body and must be obtained from the diet, including carbohydrates, proteins, fats, vitamins, and minerals."
34,What is the function of somatostatin in regulating digestion?,"Somatostatin is a hormone that inhibits the release of digestive enzymes from glands, helping to regulate the timing and amount of digestive secretions."
34,What is the difference between fat-free and low-fat diets?,"A fat-free diet completely eliminates all sources of dietary fat, while a low-fat diet restricts the amount of fat consumed but allows for some intake."
35,What are the main functions of the sensory-somatic nervous system?,The sensory-somatic nervous system is responsible for processing sensory information and controlling voluntary movements.
35,"What is long-term potentiation, and how does it contribute to nicotine addiction?","Long-term potentiation is a form of synaptic plasticity that strengthens neural connections based on repeated stimulation. Nicotine addiction involves the strengthening of neural connections between the ventral tegmental area and the prefrontal cortex, leading to increased craving for nicotine."
35,What are the main differences between the sympathetic and parasympathetic branches of the autonomic nervous system?,"The sympathetic branch is involved in the body's 'fight or flight' response, while the parasympathetic branch is involved in the body's 'rest and digest' response."
35,"What is demyelination, and why is it problematic in multiple sclerosis?","Demyelination is the loss of myelin sheaths around axons in the central nervous system. In multiple sclerosis, this leads to disrupted nerve signaling and a variety of symptoms."
35,What are the main steps in chemical neurotransmission?,"Chemical neurotransmission involves the release of neurotransmitters from the terminal endings of neurons, diffusion across the synaptic cleft, binding to receptors, and either exocytosis or endocytosis of the receptor-neurotransmitter complex."
35,"What is myelin, and how does it aid axonal propagation?",Myelin is a fatty insulating layer surrounding the axons of some neurons. It facilitates faster propagation of action potentials by reducing electrical resistance and increasing the effective radius of the axon.
35,What is the primary function of the spinal cord?,"The primary function of the spinal cord is to transmit sensory information from the periphery to the brain, and to transmit motor information from the brain to the periphery."
35,What are possible treatments for patients with major depression?,"Possible treatments for patients with major depression include antidepressant medications, psychotherapy, and lifestyle changes such as exercise and dietary modifications."
36,What is the just-noticeable difference in sensory perception?,The just-noticeable difference is the smallest amount of a stimulus that a person can detect.
36,How does the structure of the ear allow a person to determine where a sound originates?,"The structure of the ear allows for sound waves to reach the cochlea through the middle ear, and then are conducted along the basilar membrane to the apex of the cochlea. This allows the sound waves to be localized to specific regions of the ear."
36,What is the difference in the localization of sensory receptors for general and special senses in humans?,"General senses, such as touch and pain, have a diffuse distribution of sensory receptors, while special senses, such as vision and hearing, have a more localized distribution."
36,How might being in a place with less gravity than Earth has (such as Earth’s moon) affect vestibular sensation?,"Being in a place with less gravity would affect vestibular sensation because the otoliths would experience less acceleration and deceleration, leading to differences in the signals sent to the brain."
36,How is the relationship between photoreceptors and bipolar cells different from other sensory receptors and adjacent cells?,"The relationship between photoreceptors and bipolar cells is different from other sensory receptors and adjacent cells in that photoreceptors have a unique type of synapse called a ribbon synapse, which allows for more precise transmission of signals."
36,What might be the effect on an animal of not being able to perceive taste?,"If an animal cannot perceive taste, it would likely have difficulty detecting and avoiding harmful substances in its environment."
36,Why don’t all people experience pain the same way?,"All people do not experience pain the same way because of individual differences in genetics, neural processing, and past experiences."
36,How would a rise in altitude likely affect the speed of a sound transmitted through air? Why?,A rise in altitude would likely slow the speed of a sound transmitted through air because of the decrease in air density at higher elevations.
36,How does the overall magnitude of a stimulus affect the just-noticeable difference in sensory perception?,The overall magnitude of a stimulus can affect the just-noticeable difference in sensory perception by changing the threshold for detection.
36,Why are dogs a better choice of detectors in studies using trained dogs to detect lung cancer in urine samples than humans?,Dogs are a better choice of detectors in studies using trained dogs to detect lung cancer in urine samples because they have a higher sensitivity and specificity for detecting the cancer biomarkers.
37,"What are the three classes of hormones based on their chemical structure, and what distinguishes them?","Hormones can be divided into three classes based on their chemical structure: amino acid-based hormones, steroid hormones, and thyroid hormones. The distinction is based on the type of molecule they are composed of and the mechanisms by which they are transported."
37,Name two important functions of hormone receptors.,"Hormone receptors play a crucial role in transmitting signals from hormones to target cells, and regulating the expression of specific genes."
37,How does blue light exposure disrupt human circadian rhythms?,"Blue light exposure can disrupt human circadian rhythms by suppressing the release of melatonin, a hormone that regulates sleep-wake cycles."
37,What is one factor that distinguishes the three classes of hormones based on their chemical structure?,The distinction is based on the type of molecule they are composed of and the mechanisms by which they are transported.
37,What is the primary function of the pineal gland?,The primary function of the pineal gland is to regulate circadian rhythms.
37,How does glucagon contribute to maintaining homeostasis throughout the body?,"Glucagon signals for the body to release stored glucose into the bloodstream, maintaining blood sugar levels and preventing hypoglycemia."
37,"What are the two types of secretory cells in the adrenal medulla, and what are their functions?","The two types of secretory cells in the adrenal medulla are chromaffin cells and catecholamine-secreting cells. Chromaffin cells produce epinephrine, while catecholamine-secreting cells produce norepinephrine."
37,What is the primary function of the thyroid gland?,"The primary function of the thyroid gland is to regulate metabolic rate by producing hormones that increase or decrease metabolism, depending on the body's needs."
37,How does cAMP-mediated signal amplification differ in steroid hormone signaling compared to other hormones?,"Steroid hormone signaling does not require cAMP-mediated signal amplification because steroid hormones bind to nuclear receptors, which then recruit coactivators that activate target genes."
37,What is one way in which recent stress can make people more susceptible to contracting the common cold?,"Recent stress can weaken the immune system, making people more susceptible to contracting the common cold."
38,What is the difference between a long bone and a flat bone?,"Long bones have a shaft and ends, while flat bones are irregularly shaped and lack ends."
38,What is the function of synovial fluid in joints?,"Synovial fluid lubricates the joint, regulates water balance, protects articular cartilage, and aids in shock absorption."
38,What are sesamoid bones?,Sesamoid bones are small bones embedded within tendons or joint capsules that provide mechanical advantage to muscles.
38,How do skeletal muscles produce movement?,Muscle fibers contract to shorten and thus produce movement by pulling on their attachment points.
38,What is the difference between circumduction and abduction?,"Circumduction refers to movements that occur around the midline of the body, while abduction refers to movements away from the midline."
38,What is the purpose of symphyses in the pelvic girdle?,Symphyses provide a wide range of motion at the cost of reduced stability and protection of internal organs.
38,How do pectoral and pelvic girdles differ in function?,"Pectoral girdles serve to protect vital organs, while pelvic girdles bear weight and provide attachment points for muscles that move the lower extremities."
38,What is the difference between a hinge joint and a ball-and-socket joint?,"Hinge joints allow movement in one plane only, while ball-and-socket joints allow movement in multiple planes."
38,How does the scapula move?,"The scapula moves in three planes of motion: upward and downward, outward and inward, and rotation."
39,What is the main function of the diaphragm?,"The diaphragm is a dome-shaped muscle that separates the chest and abdominal cavities. Its primary function is to expand and contract, helping the lungs to inhale and exhale air."
39,What is the role of carbonic anhydrase in the transport of oxygen?,"Carbonic anhydrase is an enzyme that helps convert carbon dioxide into bicarbonate ions, which are then excreted in the lungs."
39,What happens to oxygen in the body during exercise?,"During exercise, the body's demand for oxygen increases. The heart rate and breathing rate also increase to meet this demand."
39,How does the structure of alveoli maximize gas exchange?,"Alveoli have a thin, flexible wall that allows for efficient exchange of gases between the air in the alveolus and the blood flowing through it."
39,What is the reason for having residual volume in the lung?,"Residual volume is present in the lungs to ensure that there is always some air left in the lungs, even after exhalation."
39,How can a decrease in the percent of oxygen in the air affect the movement of oxygen in the body?,"A decrease in the percentage of oxygen in the air can result in less oxygen being available for uptake by the body, potentially leading to hypoxia."
39,What would happen if no carbonic anhydrase were present in red blood cells?,"Without carbonic anhydrase, carbon dioxide would not be converted into bicarbonate ions, leading to acidosis."
39,How does the administration of 100% oxygen save a patient from carbon monoxide poisoning?,"Administration of 100% oxygen can displace carbon monoxide in the bloodstream, potentially saving the patient."
40,What is the main function of the heart?,The primary function of the heart is to pump blood throughout the body.
40,What is the difference between arteries and veins?,"Arteries have thinner smooth muscle layers and valves, while veins have thicker smooth muscle layers and no valves."
40,What are varicose veins?,"Varicose veins are enlarged veins that result from the failure of valves to close properly, allowing blood to flow backward."
40,What is platelet plug formation?,"Platelet plug formation occurs at the site of blood vessel damage, when platelets are attracted to the site and form a plug that helps stop bleeding."
40,What is the percentage of plasma in human blood?,The percentage of plasma in human blood is approximately 90%.
40,How do arteries and veins differ in their ability to stretch?,"Arteries have a much lower capacity for stretching than veins, which allows them to maintain a relatively constant diameter even under changes in blood pressure."
40,What is the difference between the cardiac cycle and the heartbeat?,"The cardiac cycle refers to the entire sequence of events that occur within the heart, while the heartbeat refers specifically to the contraction and relaxation of the heart muscle."
40,What is systemic circulation?,"Systemic circulation refers to the movement of blood from the left side of the heart through the aorta and its branches, to the body's tissues and organs, and back to the right side of the heart through the pulmonary veins."
40,What is the purpose of the internal pacemaker in the heart?,"The internal pacemaker in the heart, located in the sinoatrial node, sends electrical impulses that regulate the heartbeat and coordinate the contraction and relaxation of the heart muscle."
40,What is the difference between varicose veins and deep vein thrombosis?,"Varicose veins are enlarged veins that result from the failure of valves to close properly, while deep vein thrombosis refers to a blood clot that forms within a deep vein, typically in the legs."
41,What is the primary function of the kidneys?,The primary function of the kidneys is to filter waste products and excess fluids from the blood and regulate electrolyte levels.
41,What is osmolarity?,"Osmolarity refers to the concentration of solutes in a solution, measured in osmoles (OSM). The normal osmolarity range for body fluids is approximately 280-300 mOsm."
41,What is the difference between active and passive transport?,"Active transport requires energy to move substances against their concentration gradient, while passive transport occurs spontaneously without energy input."
41,What is the role of the loop of Henle in urine concentration?,The loop of Henle allows for water reabsorption and concentrates urine by increasing the osmolarity of the filtrate.
41,How does the renin-angiotensin-aldosterone mechanism function?,"The renin-angiotensin-aldosterone mechanism regulates blood pressure by stimulating sodium reabsorption and water retention in the kidneys, controlled by the kidneys."
41,What is the purpose of the adrenal gland?,"The adrenal gland produces hormones such as aldosterone and cortisol to regulate electrolyte balance, blood pressure, and response to stress."
41,What is uremia?,Uremia refers to the accumulation of waste products in the blood due to kidney failure or damage.
41,How does the body regulate pH levels?,"The body regulates pH levels through a variety of mechanisms, including breathing, perspiration, and hormone secretion."
41,What is the difference between nitrogenous waste and non-nitrogenous waste?,"Nitrogenous waste refers specifically to waste products containing nitrogen, while non-nitrogenous waste refers to all other waste products."
41,What is the function of the juxtaglomerular apparatus?,"The juxtaglomerular apparatus produces renin, which stimulates the production of erythropoietin and helps regulate red blood cell production."
42,What is the structure of an antibody?,The structure of an antibody is similar to the extracellular component of which receptor?
42,What is the first antibody class to appear in the serum in response to a newly encountered pathogen?,The first antibody class to appear in the serum in response to a newly encountered pathogen is IgM.
42,What is immune tolerance?,"Immune tolerance refers to the ability of the immune system to distinguish between self and non-self, and not to attack the body's own cells and tissues."
42,What is a T cell receptor (TCR)?,A T cell receptor (TCR) is a protein complex on the surface of a T cell that recognizes and binds to specific antigens presented by an Antigen-presenting cell (APC).
42,What is the difference between an epitope and an antigen?,"An epitope is a region on an antigen that is recognized by B cells, while an antigen is any molecule that can be recognized by the immune system."
42,What is passive immunity?,"Passive immunity refers to the transfer of pre-existing antibodies or T cells from one individual to another, providing temporary protection against infection."
42,What is active immunity?,"Active immunity refers to the immune response that occurs when an individual is infected with a pathogen and mounts a response to it, resulting in the production of antibodies or T cells that can recognize and attack the pathogen."
42,What is the difference between TH1 and TH2 responses?,"The TH1 response involves the activation of CD4+ T cells that secrete cytokines such as interferon-gamma (IFN-γ) and tumor necrosis factor (TNF), while the TH2 response involves the activation of CD4+ T cells that secrete cytokines such as interleukin-4 (IL-4) and interleukin-10 (IL-10)."
42,What is immune memory?,Immune memory refers to the ability of the immune system to remember specific pathogens and mount a more rapid and effective response upon subsequent exposure.
43,What is the purpose of meiosis?,Meiosis is the process by which sex cells divide to produce gametes (sperm or egg cells) that are genetically unique and halved the number of chromosomes in the parent cell.
43,What is the difference between prokaryotic and eukaryotic cells?,"Prokaryotic cells lack a true nucleus and other organelles, while eukaryotic cells have a true nucleus and other membrane-bound organelles."
43,What is the role of oxytocin during labor?,Oxytocin stimulates uterine contractions during labor to help expel the baby.
43,What layer gives rise to the epidermis?,The ectoderm is the layer that gives rise to the epidermis.
43,Describe the events in the ovarian cycle leading up to ovulation.,"The ovarian cycle involves the growth of a follicle containing an egg cell, followed by ovulation and the preparation of the uterus for pregnancy."
43,What determines whether a fetus will develop as male or female?,The sex of the fetus is determined by the presence or absence of Y chromosomes in the fertilized egg cell.
43,Compare spermatogenesis and oogenesis with respect to the timing of the processes and the number and type of cells finally produced.,"Spermatogenesis occurs earlier in life and produces many more cells than oogenesis, which occurs later and produces fewer cells."
43,What is the function of the corpus luteum during pregnancy?,The corpus luteum is a temporary endocrine organ that secretes progesterone to maintain pregnancy and prepare the uterus for the fertilized egg.
43,What are the three germ layers and their functions?,"The three germ layers are ectoderm, endoderm, and mesoderm. The ectoderm gives rise to the epidermis and other external structures, the endoderm gives rise to the lining of internal organs and cavities, and the mesoderm gives rise to muscles, bones, and connective tissue."
44,What is the difference between a weather event and a natural force?,"A weather event is a short-term, localized phenomenon caused by the movement of air masses, while a natural force is a longer-term, more general process that shapes the environment."
44,What is an estuary?,"An estuary is a partially enclosed coastal body of water, where freshwater from rivers and streams mixes with saltwater from the ocean."
44,What are the three types of disturbance in an ecosystem?,"The three types of disturbance in an ecosystem are physical, chemical, and biological."
44,What is a bog?,"A bog is a type of wetland ecosystem characterized by acidic, oxygen-poor conditions that favor the growth of sedge and heath plants."
44,What are the two types of nutrient cycling in an ecosystem?,The two types of nutrient cycling in an ecosystem are carbon cycling and nutrient cycling.
44,What is a keystone species?,"A keystone species is a species that has a disproportionate impact on its environment relative to its abundance, often playing a unique and crucial role in the ecosystem."
44,What are the four levels of organization in an ecosystem?,"The four levels of organization in an ecosystem are cells, individuals, populations, and communities."
44,What is a food web?,"A food web is the network of interactions between different species in an ecosystem, showing which species feed on others and which species are fed Upon."
45,What is the difference between a polygynous mating system and a polyandrous mating system?,"A polygynous mating system is one in which one male has multiple females, while a polyandrous mating system is one in which one female has multiple males."
45,What is the rate of population growth that would be expected at various parts of the S-shaped curve of logistic growth?,"The rate of population growth would first increase, then level off, and finally decrease as the population approaches its carrying capacity."
45,What is kin selection?,"Kin selection is the process by which individuals choose mates based on their relatedness to them, in order to pass on the most copies of their genes to the next generation."
45,What are density-dependent and density-independent factors?,"Density-dependent factors are those that affect population growth rate directly, such as competition for resources. Density-independent factors are those that affect population growth rate indirectly, such as predation or disease."
45,What is the competitive exclusion principle?,The competitive exclusion principle states that two species cannot coexist in the same niche if one species has a selective advantage over the other.
45,What is the difference between a monogamous mating system and a polyandrous mating system?,"In a monogamous mating system, one male has one female, while in a polyandrous mating system, one female has multiple males."
45,What is the rate of population growth that would be expected at various parts of the S-shaped curve of logistic growth?,"The rate of population growth would first increase, then level off, and finally decrease as the population approaches its carrying capacity."
45,What is long-term parental care?,"Long-term parental care refers to the investment of time, energy, or resources by a parent in their offspring after they have hatched or birthed them."
45,What are the advantages of density-dependent and density-independent factors?,"Density-dependent factors allow for more efficient use of resources, while density-independent factors allow for greater stability in population size."
46,What is the difference between a food chain and a food web?,"A food chain is a linear sequence of organisms that consume others, while a food web is a complex network of these interactions."
46,What is nitrogen fixation?,Nitrogen fixation is the process by which certain microorganisms convert atmospheric nitrogen into a form that can be used by living organisms.
46,What is eutrophication?,"Eutrophication is the excessive richness of nutrients in an aquatic system, leading to an overgrowth of algae and depletion of dissolved oxygen."
46,What is a pyramid of numbers?,"A pyramid of numbers is a graphical representation of the number of individuals at each trophic level in an ecosystem, with the largest number at the base and decreasing numbers as you move upward."
46,What is dead zoning?,"Dead zones are areas where there is little to no oxygen available for aquatic organisms, caused by excess nutrients stimulating algal growth and subsequent decay."
46,What is the difference between grazing and detritus food webs?,"Grazing food webs are based on consuming plants directly, while detritus food webs are based on decomposing plant material."
46,What is a holistic model in ecology?,"A holistic model in ecology is an approach that views the system as a whole, without breaking it down into its component parts."
46,What is analytical modeling in ecology?,Analytical modeling in ecology is the use of mathematical equations to simulate the behavior of an ecosystem and make predictions about future changes.
47,What is the current estimated number of described species on Earth?,"The current estimated number of described species on Earth is about 150,000."
47,What defines a mass extinction?,A mass extinction is defined as a loss of 95 percent or more of all the species on the planet.
47,How do exotic species introduce risks for native ecosystems?,Exotic species are especially threatening to island ecosystems.
47,Which two extinction risks may be a direct result of climate change and exotic species introduction through the pet trade?,Overharvesting and habitat loss due to climate change and exotic species introduction through the pet trade.
47,What is an ecosystem service that performs the same function as a pesticide?,Pollination is an ecosystem service that performs the same function as a pesticide.
47,Which two methods are used to calculate contemporary extinction rates?,The two methods used to calculate contemporary extinction rates are the fossil record method and the molecular method.
47,What is an example of a secondary plant compound that could be used for medicinal purposes?,An example of a secondary plant compound that could be used for medicinal purposes is antimicrobial peptides.
47,What is the name of the first international agreement on climate change?,The name of the first international agreement on climate change is the Kyoto Protocol.
